"ID","Description","GeneRatio","BgRatio","RichFactor","FoldEnrichment","zScore","pvalue","p.adjust","qvalue","geneID","Count"
"GO:0048168","regulation of neuronal synaptic plasticity","4/5","60/18805",0.0666666666666667,250.733333333333,31.5966191614638,4.66965984946878e-10,1.08803074492623e-07,3.39164768014048e-08,"CAMK2B/CAMK2G/CAMK2A/CAMK2D",4
"GO:1903076","regulation of protein localization to plasma membrane","4/5","118/18805",0.0338983050847458,127.491525423729,22.4783194884084,7.33039072374822e-09,8.53990519316667e-07,2.66208926283488e-07,"CAMK2B/CAMK2G/CAMK2A/CAMK2D",4
"GO:1904375","regulation of protein localization to cell periphery","4/5","155/18805",0.0258064516129032,97.058064516129,19.5835518215688,2.20598847777258e-08,1.7133177177367e-06,5.34081420934414e-07,"CAMK2B/CAMK2G/CAMK2A/CAMK2D",4
"GO:1905475","regulation of protein localization to membrane","4/5","197/18805",0.0203045685279188,76.3654822335025,17.3415113925103,5.79418788405242e-08,3.37511444246053e-06,1.0521025368411e-06,"CAMK2B/CAMK2G/CAMK2A/CAMK2D",4
"GO:0048167","regulation of synaptic plasticity","4/5","223/18805",0.0179372197309417,67.4618834080718,16.2820860889333,9.53722453893331e-08,4.44434663514292e-06,1.38540735407663e-06,"CAMK2B/CAMK2G/CAMK2A/CAMK2D",4
"GO:0051924","regulation of calcium ion transport","4/5","253/18805",0.0158102766798419,59.4624505928854,15.2676820599895,1.58315720968479e-07,6.14792716427592e-06,1.91645346435527e-06,"CAMK2B/CAMK2G/CAMK2A/CAMK2D",4
"GO:0072659","protein localization to plasma membrane","4/5","295/18805",0.0135593220338983,50.9966101694915,14.1149569222207,2.9310545672511e-07,9.75622448813579e-06,3.04124458857633e-06,"CAMK2B/CAMK2G/CAMK2A/CAMK2D",4
"GO:1990778","protein localization to cell periphery","4/5","362/18805",0.0110497237569061,41.5580110497238,12.7070971463277,6.65213931118942e-07,1.93743557438392e-05,6.03944226936934e-06,"CAMK2B/CAMK2G/CAMK2A/CAMK2D",4
"GO:0010959","regulation of metal ion transport","4/5","403/18805",0.00992555831265509,37.3300248138958,12.0231122885665,1.02167792454838e-06,2.64501062688636e-05,8.24512009284658e-06,"CAMK2B/CAMK2G/CAMK2A/CAMK2D",4
"GO:0043502","regulation of muscle adaptation","3/5","98/18805",0.0306122448979592,115.132653061224,18.4736229887479,1.36213735601889e-06,3.17378003952401e-05,9.89341869108456e-06,"CAMK2B/CAMK2G/CAMK2D",3
"GO:0006816","calcium ion transport","4/5","447/18805",0.00894854586129754,33.65548098434,11.3953682025181,1.54573832063936e-06,3.27415480644519e-05,1.02063104424991e-05,"CAMK2B/CAMK2G/CAMK2A/CAMK2D",4
"GO:0043269","regulation of monoatomic ion transport","4/5","472/18805",0.00847457627118644,31.8728813559322,11.078031426373,1.9209368818774e-06,3.72981911231196e-05,1.16267232324159e-05,"CAMK2B/CAMK2G/CAMK2A/CAMK2D",4
"GO:0043500","muscle adaptation","3/5","124/18805",0.0241935483870968,90.991935483871,16.3962893403195,2.77162199167286e-06,4.96759941584443e-05,1.54851755000346e-05,"CAMK2B/CAMK2G/CAMK2D",3
"GO:0014733","regulation of skeletal muscle adaptation","2/5","14/18805",0.142857142857143,537.285714285714,32.7353130623807,5.14035800764707e-06,8.55502439844119e-05,2.66680227464397e-05,"CAMK2B/CAMK2G",2
"GO:0046777","protein autophosphorylation","3/5","173/18805",0.0173410404624277,65.2196531791907,13.8386099427498,7.54937548361209e-06,0.000117266965845441,3.65548707627533e-05,"CAMK2B/CAMK2A/CAMK2D",3
"GO:0010663","positive regulation of striated muscle cell apoptotic process","2/5","20/18805",0.1,376.1,27.3708107028739,1.07257652889323e-05,0.000147006077195366,4.58252510796487e-05,"CAMK2A/CAMK2D",2
"GO:0010666","positive regulation of cardiac muscle cell apoptotic process","2/5","20/18805",0.1,376.1,27.3708107028739,1.07257652889323e-05,0.000147006077195366,4.58252510796487e-05,"CAMK2A/CAMK2D",2
"GO:0043501","skeletal muscle adaptation","2/5","26/18805",0.0769230769230769,289.307692307692,23.9904211321174,1.83349917228767e-05,0.000237336281746126,7.39832999344147e-05,"CAMK2B/CAMK2G",2
"GO:0090257","regulation of muscle system process","3/5","256/18805",0.01171875,44.07421875,11.3164013046841,2.44374347724889e-05,0.000299680121157364,9.34173406815366e-05,"CAMK2B/CAMK2G/CAMK2D",3
"GO:0010661","positive regulation of muscle cell apoptotic process","2/5","39/18805",0.0512820512820513,192.871794871795,19.5608978219428,4.17459674222989e-05,0.000486340520469782,0.000151603776428348,"CAMK2A/CAMK2D",2
"GO:2001222","regulation of neuron migration","2/5","52/18805",0.0384615384615385,144.653846153846,16.9166651130814,7.45999614081697e-05,0.000827704333719216,0.000258014904118482,"CAMK2B/CAMK2A",2
"GO:0010665","regulation of cardiac muscle cell apoptotic process","2/5","55/18805",0.0363636363636364,136.763636363636,16.4435419022692,8.35185132118426e-05,0.000866176262477409,0.000270007508971951,"CAMK2A/CAMK2D",2
"GO:0014888","striated muscle adaptation","2/5","57/18805",0.0350877192982456,131.964912280702,16.149017702024,8.97421899040883e-05,0.000866176262477409,0.000270007508971951,"CAMK2B/CAMK2G",2
"GO:0010659","cardiac muscle cell apoptotic process","2/5","58/18805",0.0344827586206897,129.689655172414,16.0074790850079,9.29373672186062e-05,0.000866176262477409,0.000270007508971951,"CAMK2A/CAMK2D",2
"GO:0010662","regulation of striated muscle cell apoptotic process","2/5","58/18805",0.0344827586206897,129.689655172414,16.0074790850079,9.29373672186062e-05,0.000866176262477409,0.000270007508971951,"CAMK2A/CAMK2D",2
"GO:0010658","striated muscle cell apoptotic process","2/5","61/18805",0.0327868852459016,123.311475409836,15.6038649717864,0.000102856040399013,0.000921748362037311,0.000287330639171333,"CAMK2A/CAMK2D",2
"GO:0018107","peptidyl-threonine phosphorylation","2/5","71/18805",0.028169014084507,105.943661971831,14.4477869853721,0.000139521892339719,0.00120402225611684,0.000375322049568836,"CAMK2A/CAMK2D",2
"GO:0003012","muscle system process","3/5","467/18805",0.00642398286937901,24.1605995717345,8.26539195006068,0.000146618208729993,0.00122007295121744,0.000380325428660508,"CAMK2B/CAMK2G/CAMK2D",3
"GO:0018210","peptidyl-threonine modification","2/5","81/18805",0.0246913580246914,92.8641975308642,13.5120323913512,0.000181718065676825,0.00146001066561036,0.000455119656323084,"CAMK2A/CAMK2D",2
"GO:0010660","regulation of muscle cell apoptotic process","2/5","96/18805",0.0208333333333333,78.3541666666667,12.3915387600767,0.000255342674073683,0.0019831614353056,0.000618198053020495,"CAMK2A/CAMK2D",2
"GO:0060996","dendritic spine development","2/5","99/18805",0.0202020202020202,75.979797979798,12.1983923252011,0.000271550679489522,0.0020410099458406,0.000636230794050153,"CAMK2B/CAMK2A",2
"GO:0010657","muscle cell apoptotic process","2/5","102/18805",0.0196078431372549,73.7450980392157,12.0137718812932,0.000288251925940144,0.00209883433575167,0.000654256016114143,"CAMK2A/CAMK2D",2
"GO:0018105","peptidyl-serine phosphorylation","2/5","142/18805",0.0140845070422535,52.9718309859155,10.1380087190103,0.000557833234226768,0.003938640714389,0.00122776692700628,"CAMK2A/CAMK2D",2
"GO:0018209","peptidyl-serine modification","2/5","154/18805",0.012987012987013,48.8441558441558,9.72230843064064,0.000655620571162037,0.00449292920825749,0.00140055168452571,"CAMK2A/CAMK2D",2
"GO:0001764","neuron migration","2/5","191/18805",0.0104712041884817,39.3821989528796,8.69476562857503,0.00100579708490115,0.00669573487948478,0.0020872180107723,"CAMK2B/CAMK2A",2
"GO:0016358","dendrite development","2/5","242/18805",0.00826446280991736,31.0826446280992,7.68123076660123,0.00160763091021951,0.010404944502254,0.0032434658714955,"CAMK2B/CAMK2A",2
"GO:2000650","negative regulation of sodium ion transmembrane transporter activity","1/5","10/18805",0.1,376.1,19.3489364369362,0.00265632322269871,0.0167276570510486,0.00521440405024782,"CAMK2D",1
"GO:1901844","regulation of cell communication by electrical coupling involved in cardiac conduction","1/5","11/18805",0.0909090909090909,341.909090909091,18.4440594198274,0.00292164476480483,0.0179142955315665,0.00558430716818652,"CAMK2D",1
"GO:1902306","negative regulation of sodium ion transmembrane transport","1/5","13/18805",0.0769230769230769,289.307692307692,16.9579208140645,0.00345211844978943,0.0206241948410497,0.00642904650568072,"CAMK2D",1
"GO:1901077","regulation of relaxation of muscle","1/5","14/18805",0.0714285714285714,268.642857142857,16.3371361274295,0.00371727061069593,0.0216531013073038,0.00674978084573735,"CAMK2D",1
"GO:0010649","regulation of cell communication by electrical coupling","1/5","16/18805",0.0625,235.0625,15.2746474884891,0.00424740561439885,0.024137695320852,0.00752428722448063,"CAMK2D",1
"GO:0010766","negative regulation of sodium ion transport","1/5","17/18805",0.0588235294117647,221.235294117647,14.8150220573357,0.00451238847521795,0.0250330122553758,0.00780337856616639,"CAMK2D",1
"GO:0055119","relaxation of cardiac muscle","1/5","18/18805",0.0555555555555556,208.944444444444,14.3941510459174,0.00477731492069511,0.0258863808493479,0.00806939362369553,"CAMK2D",1
"GO:0060314","regulation of ryanodine-sensitive calcium-release channel activity","1/5","19/18805",0.0526315789473684,197.947368421053,14.0068675671965,0.0050421849598391,0.0259643822850317,0.00809370850538598,"CAMK2D",1
"GO:1902514","regulation of calcium ion transmembrane transport via high voltage-gated calcium channel","1/5","19/18805",0.0526315789473684,197.947368421053,14.0068675671965,0.0050421849598391,0.0259643822850317,0.00809370850538598,"CAMK2D",1
"GO:0043011","myeloid dendritic cell differentiation","1/5","20/18805",0.05,188.05,13.6489206664158,0.00530699860165729,0.0259643822850317,0.00809370850538598,"CAMK4",1
"GO:0061003","positive regulation of dendritic spine morphogenesis","1/5","20/18805",0.05,188.05,13.6489206664158,0.00530699860165729,0.0259643822850317,0.00809370850538598,"CAMK2B",1
"GO:0010975","regulation of neuron projection development","2/5","448/18805",0.00446428571428571,16.7901785714286,5.51640817395715,0.00539928167286528,0.0259643822850317,0.00809370850538598,"CAMK2B/CAMK2G",2
"GO:0038166","angiotensin-activated signaling pathway","1/5","21/18805",0.0476190476190476,179.095238095238,13.3167765904618,0.00557175585515701,0.0259643822850317,0.00809370850538598,"CAMK2A",1
"GO:0061577","calcium ion transmembrane transport via high voltage-gated calcium channel","1/5","21/18805",0.0476190476190476,179.095238095238,13.3167765904618,0.00557175585515701,0.0259643822850317,0.00809370850538598,"CAMK2D",1
"GO:0010881","regulation of cardiac muscle contraction by regulation of the release of sequestered calcium ion","1/5","23/18805",0.0434782608695652,163.521739130435,12.7184931297055,0.00610110123322249,0.0278736585753106,0.00868887482130758,"CAMK2D",1
"GO:0086064","cell communication by electrical coupling involved in cardiac conduction","1/5","24/18805",0.0416666666666667,156.708333333333,12.4477059196611,0.00636568937579685,0.0285231850877051,0.0088913475087041,"CAMK2D",1
"GO:0023061","signal release","2/5","497/18805",0.00402414486921529,15.1348088531187,5.20809480334011,0.00661144594409661,0.0286081765128587,0.00891784133448047,"CAMK2G/CAMK2A",2
"GO:0048169","regulation of long-term neuronal synaptic plasticity","1/5","25/18805",0.04,150.44,12.193272173177,0.00663022116607026,0.0286081765128587,0.00891784133448047,"CAMK2B",1
"GO:0002026","regulation of the force of heart contraction","1/5","26/18805",0.0384615384615385,144.653846153846,11.9536049797837,0.00689469661304409,0.0286868626935585,0.00894236966729403,"CAMK2D",1
"GO:0090128","regulation of synapse maturation","1/5","26/18805",0.0384615384615385,144.653846153846,11.9536049797837,0.00689469661304409,0.0286868626935585,0.00894236966729403,"CAMK2B",1
"GO:0032469","endoplasmic reticulum calcium ion homeostasis","1/5","27/18805",0.037037037037037,139.296296296296,11.7273250545624,0.00715911572571948,0.0288278415591925,0.00898631609480136,"CAMK2D",1
"GO:0010882","regulation of cardiac muscle contraction by calcium ion signaling","1/5","28/18805",0.0357142857142857,134.321428571429,11.5132270641475,0.00742347851309677,0.0288278415591925,0.00898631609480136,"CAMK2D",1
"GO:0033081","regulation of T cell differentiation in thymus","1/5","28/18805",0.0357142857142857,134.321428571429,11.5132270641475,0.00742347851309677,0.0288278415591925,0.00898631609480136,"CAMK4",1
"GO:0035458","cellular response to interferon-beta","1/5","28/18805",0.0357142857142857,134.321428571429,11.5132270641475,0.00742347851309677,0.0288278415591925,0.00898631609480136,"CAMK2A",1
"GO:0001773","myeloid dendritic cell activation","1/5","29/18805",0.0344827586206897,129.689655172414,11.3102523963304,0.00768778498417522,0.0288911919566585,0.00900606390336316,"CAMK4",1
"GO:0098901","regulation of cardiac muscle cell action potential","1/5","29/18805",0.0344827586206897,129.689655172414,11.3102523963304,0.00768778498417522,0.0288911919566585,0.00900606390336316,"CAMK2D",1
"GO:0010644","cell communication by electrical coupling","1/5","32/18805",0.03125,117.53125,10.7592439080579,0.00848036658959106,0.03087383461523,0.0096241002414767,"CAMK2D",1
"GO:2000649","regulation of sodium ion transmembrane transporter activity","1/5","32/18805",0.03125,117.53125,10.7592439080579,0.00848036658959106,0.03087383461523,0.0096241002414767,"CAMK2D",1
"GO:0010880","regulation of release of sequestered calcium ion into cytosol by sarcoplasmic reticulum","1/5","33/18805",0.0303030303030303,113.969696969697,10.5924118811106,0.00874444788544426,0.0312655258750174,0.00974619961769234,"CAMK2D",1
"GO:0035456","response to interferon-beta","1/5","35/18805",0.0285714285714286,107.457142857143,10.2803497673201,0.00927244167218966,0.0312655258750174,0.00974619961769234,"CAMK2A",1
"GO:0050775","positive regulation of dendrite morphogenesis","1/5","35/18805",0.0285714285714286,107.457142857143,10.2803497673201,0.00927244167218966,0.0312655258750174,0.00974619961769234,"CAMK2B",1
"GO:0090075","relaxation of muscle","1/5","35/18805",0.0285714285714286,107.457142857143,10.2803497673201,0.00927244167218966,0.0312655258750174,0.00974619961769234,"CAMK2D",1
"GO:0010613","positive regulation of cardiac muscle hypertrophy","1/5","36/18805",0.0277777777777778,104.472222222222,10.1341110346285,0.00953635418106746,0.0312655258750174,0.00974619961769234,"CAMK2D",1
"GO:0086004","regulation of cardiac muscle cell contraction","1/5","36/18805",0.0277777777777778,104.472222222222,10.1341110346285,0.00953635418106746,0.0312655258750174,0.00974619961769234,"CAMK2D",1
"GO:0010770","positive regulation of cell morphogenesis","1/5","37/18805",0.027027027027027,101.648648648649,9.99380823283279,0.00980021044560442,0.0312655258750174,0.00974619961769234,"CAMK2B",1
"GO:0014742","positive regulation of muscle hypertrophy","1/5","37/18805",0.027027027027027,101.648648648649,9.99380823283279,0.00980021044560442,0.0312655258750174,0.00974619961769234,"CAMK2D",1
"GO:1904385","cellular response to angiotensin","1/5","37/18805",0.027027027027027,101.648648648649,9.99380823283279,0.00980021044560442,0.0312655258750174,0.00974619961769234,"CAMK2A",1
"GO:0007616","long-term memory","1/5","38/18805",0.0263157894736842,98.9736842105263,9.85904865084448,0.010064010474791,0.0312655258750174,0.00974619961769234,"CAMK4",1
"GO:0014808","release of sequestered calcium ion into cytosol by sarcoplasmic reticulum","1/5","38/18805",0.0263157894736842,98.9736842105263,9.85904865084448,0.010064010474791,0.0312655258750174,0.00974619961769234,"CAMK2D",1
"GO:0060074","synapse maturation","1/5","40/18805",0.025,94.025,9.60476157962527,0.0105914418630697,0.0316385378730159,0.00986247622876936,"CAMK2B",1
"GO:0086091","regulation of heart rate by cardiac conduction","1/5","40/18805",0.025,94.025,9.60476157962527,0.0105914418630697,0.0316385378730159,0.00986247622876936,"CAMK2D",1
"GO:1903514","release of sequestered calcium ion into cytosol by endoplasmic reticulum","1/5","40/18805",0.025,94.025,9.60476157962527,0.0105914418630697,0.0316385378730159,0.00986247622876936,"CAMK2D",1
"GO:0046427","positive regulation of receptor signaling pathway via JAK-STAT","1/5","42/18805",0.0238095238095238,89.5476190476191,9.36874875911822,0.0111186484178079,0.0319832726092497,0.0099699381524203,"CAMK2A",1
"GO:0060999","positive regulation of dendritic spine development","1/5","42/18805",0.0238095238095238,89.5476190476191,9.36874875911822,0.0111186484178079,0.0319832726092497,0.0099699381524203,"CAMK2B",1
"GO:1903115","regulation of actin filament-based movement","1/5","42/18805",0.0238095238095238,89.5476190476191,9.36874875911822,0.0111186484178079,0.0319832726092497,0.0099699381524203,"CAMK2D",1
"GO:0061001","regulation of dendritic spine morphogenesis","1/5","45/18805",0.0222222222222222,83.5777777777778,9.04449306729346,0.0119090368442806,0.033033399818064,0.0102972874969343,"CAMK2B",1
"GO:0070296","sarcoplasmic reticulum calcium ion transport","1/5","45/18805",0.0222222222222222,83.5777777777778,9.04449306729346,0.0119090368442806,0.033033399818064,0.0102972874969343,"CAMK2D",1
"GO:1990776","response to angiotensin","1/5","45/18805",0.0222222222222222,83.5777777777778,9.04449306729346,0.0119090368442806,0.033033399818064,0.0102972874969343,"CAMK2A",1
"GO:0097028","dendritic cell differentiation","1/5","48/18805",0.0208333333333333,78.3541666666667,8.75092254978622,0.0126989197995956,0.034405212945416,0.0107249139066352,"CAMK4",1
"GO:1902108","regulation of mitochondrial membrane permeability involved in apoptotic process","1/5","48/18805",0.0208333333333333,78.3541666666667,8.75092254978622,0.0126989197995956,0.034405212945416,0.0107249139066352,"CAMK2A",1
"GO:1904894","positive regulation of receptor signaling pathway via STAT","1/5","49/18805",0.0204081632653061,76.7551020408163,8.65906529049519,0.0129621018330234,0.034714594564304,0.0108213554322881,"CAMK2A",1
"GO:0003254","regulation of membrane depolarization","1/5","51/18805",0.0196078431372549,73.7450980392157,8.48346093890614,0.0134882975262375,0.0353120598158801,0.0110075994004777,"CAMK2D",1
"GO:1902305","regulation of sodium ion transmembrane transport","1/5","51/18805",0.0196078431372549,73.7450980392157,8.48346093890614,0.0134882975262375,0.0353120598158801,0.0110075994004777,"CAMK2D",1
"GO:0086065","cell communication involved in cardiac conduction","1/5","56/18805",0.0178571428571429,67.1607142857143,8.08604852182679,0.0148028049986081,0.0383228173852854,0.01194612333221,"CAMK2D",1
"GO:0032413","negative regulation of ion transmembrane transporter activity","1/5","59/18805",0.0169491525423729,63.7457627118644,7.87204016034993,0.0155908366336747,0.0388825537849176,0.0121206063300624,"CAMK2D",1
"GO:0046902","regulation of mitochondrial membrane permeability","1/5","59/18805",0.0169491525423729,63.7457627118644,7.87204016034993,0.0155908366336747,0.0388825537849176,0.0121206063300624,"CAMK2A",1
"GO:1901019","regulation of calcium ion transmembrane transporter activity","1/5","59/18805",0.0169491525423729,63.7457627118644,7.87204016034993,0.0155908366336747,0.0388825537849176,0.0121206063300624,"CAMK2D",1
"GO:0060997","dendritic spine morphogenesis","1/5","60/18805",0.0166666666666667,62.6833333333333,7.80426371573527,0.015853401757799,0.0388825537849176,0.0121206063300624,"CAMK2B",1
"GO:0060998","regulation of dendritic spine development","1/5","60/18805",0.0166666666666667,62.6833333333333,7.80426371573527,0.015853401757799,0.0388825537849176,0.0121206063300624,"CAMK2B",1
"GO:0098900","regulation of action potential","1/5","64/18805",0.015625,58.765625,7.54908442017287,0.016903102055624,0.0408115836753217,0.0127219303076449,"CAMK2D",1
"GO:0002931","response to ischemia","1/5","65/18805",0.0153846153846154,57.8615384615385,7.48896308329286,0.0171653871252426,0.0408115836753217,0.0127219303076449,"CAMK2A",1
"GO:0048814","regulation of dendrite morphogenesis","1/5","65/18805",0.0153846153846154,57.8615384615385,7.48896308329286,0.0171653871252426,0.0408115836753217,0.0127219303076449,"CAMK2B",1
"GO:0010611","regulation of cardiac muscle hypertrophy","1/5","71/18805",0.0140845070422535,52.9718309859155,7.15505757294631,0.0187379221924822,0.0441003623318014,0.0137471199498274,"CAMK2D",1
"GO:0045670","regulation of osteoclast differentiation","1/5","73/18805",0.0136986301369863,51.5205479452055,7.05291429672875,0.0192616530107097,0.0448796515149536,0.0139900427130418,"CAMK4",1
"GO:0014743","regulation of muscle hypertrophy","1/5","74/18805",0.0135135135135135,50.8243243243243,7.00338488628781,0.0195234345468484,0.0450392103902541,0.0140397809664673,"CAMK2D",1
"GO:0090559","regulation of membrane permeability","1/5","75/18805",0.0133333333333333,50.1466666666667,6.95483785473926,0.0197851601796103,0.0451955129593059,0.0140885041526637,"CAMK2A",1
"GO:0046425","regulation of receptor signaling pathway via JAK-STAT","1/5","78/18805",0.0128205128205128,48.2179487179487,6.81477483578962,0.0205700017471736,0.0460847154528024,0.0143656894793014,"CAMK2A",1
"GO:0071277","cellular response to calcium ion","1/5","78/18805",0.0128205128205128,48.2179487179487,6.81477483578962,0.0205700017471736,0.0460847154528024,0.0143656894793014,"CAMK2D",1
"GO:0055117","regulation of cardiac muscle contraction","1/5","79/18805",0.0126582278481013,47.6075949367089,6.76984815578838,0.0208315038559612,0.046226099032752,0.0144097620657777,"CAMK2D",1
"GO:0002028","regulation of sodium ion transport","1/5","80/18805",0.0125,47.0125,6.72575602826752,0.0210929501061331,0.0463646922144247,0.0144529648194954,"CAMK2D",1
"GO:0032410","negative regulation of transporter activity","1/5","81/18805",0.0123456790123457,46.4320987654321,6.6824726784266,0.021354340506639,0.0465005732527746,0.0144953221343639,"CAMK2D",1
"GO:0051279","regulation of release of sequestered calcium ion into cytosol","1/5","84/18805",0.0119047619047619,44.7738095238095,6.55723372694892,0.0221381766996372,0.0470184423719983,0.0146567541164124,"CAMK2D",1
"GO:0046928","regulation of neurotransmitter secretion","1/5","85/18805",0.0117647058823529,44.2470588235294,6.51694891177167,0.022399343790952,0.0470184423719983,0.0146567541164124,"CAMK2A",1
"GO:0086001","cardiac muscle cell action potential","1/5","85/18805",0.0117647058823529,44.2470588235294,6.51694891177167,0.022399343790952,0.0470184423719983,0.0146567541164124,"CAMK2D",1
"GO:0086003","cardiac muscle cell contraction","1/5","85/18805",0.0117647058823529,44.2470588235294,6.51694891177167,0.022399343790952,0.0470184423719983,0.0146567541164124,"CAMK2D",1
"GO:0097061","dendritic spine organization","1/5","86/18805",0.0116279069767442,43.7325581395349,6.47735939472784,0.0226604550773326,0.0471418395805223,0.0146952199279695,"CAMK2B",1
"GO:0033077","T cell differentiation in thymus","1/5","89/18805",0.0112359550561798,42.2584269662921,6.36256672315349,0.0234434541963012,0.0483391577675946,0.0150684521615723,"CAMK4",1
"GO:1904063","negative regulation of cation transmembrane transport","1/5","92/18805",0.0108695652173913,40.8804347826087,6.25335793750906,0.0242259513927749,0.0495144445133032,0.0154348166768372,"CAMK2D",1
"GO:0106027","neuron projection organization","1/5","96/18805",0.0104166666666667,39.1770833333333,6.11567325015903,0.0252685006368804,0.050074497909726,0.0156093984900433,"CAMK2B",1
"GO:0061337","cardiac conduction","1/5","97/18805",0.0103092783505155,38.7731958762887,6.08257000586573,0.0255289986590523,0.050074497909726,0.0156093984900433,"CAMK2D",1
"GO:1904892","regulation of receptor signaling pathway via STAT","1/5","97/18805",0.0103092783505155,38.7731958762887,6.08257000586573,0.0255289986590523,0.050074497909726,0.0156093984900433,"CAMK2A",1
"GO:2001257","regulation of cation channel activity","1/5","97/18805",0.0103092783505155,38.7731958762887,6.08257000586573,0.0255289986590523,0.050074497909726,0.0156093984900433,"CAMK2D",1
"GO:0051899","membrane depolarization","1/5","98/18805",0.0102040816326531,38.3775510204082,6.04996701008346,0.0257894409835498,0.050074497909726,0.0156093984900433,"CAMK2D",1
"GO:0071346","cellular response to type II interferon","1/5","98/18805",0.0102040816326531,38.3775510204082,6.04996701008346,0.0257894409835498,0.050074497909726,0.0156093984900433,"CAMK2A",1
"GO:0034766","negative regulation of monoatomic ion transmembrane transport","1/5","99/18805",0.0101010101010101,37.989898989899,6.01785163611562,0.0260498276193056,0.0501620647545307,0.0156366951346854,"CAMK2D",1
"GO:0051346","negative regulation of hydrolase activity","1/5","100/18805",0.01,37.61,5.9862116997384,0.0263101585752507,0.0502480897379787,0.0156635111448861,"CAMK2A",1
"GO:0006942","regulation of striated muscle contraction","1/5","101/18805",0.0099009900990099,37.2376237623762,5.95503543945164,0.0265704338603147,0.0503326104833603,0.0156898582487096,"CAMK2D",1
"GO:0050773","regulation of dendrite development","1/5","102/18805",0.00980392156862745,36.8725490196078,5.92431149779675,0.0268306534834274,0.0504156634003112,0.0157157477958955,"CAMK2B",1
"GO:0051588","regulation of neurotransmitter transport","1/5","103/18805",0.00970873786407767,36.5145631067961,5.89402890367418,0.0270908174535166,0.050497283733355,0.0157411907729907,"CAMK2A",1
"GO:0003300","cardiac muscle hypertrophy","1/5","104/18805",0.00961538461538462,36.1634615384615,5.86417705559787,0.0273509257795101,0.0505775056081418,0.0157661978177627,"CAMK2D",1
"GO:0002027","regulation of heart rate","1/5","106/18805",0.00943396226415094,35.4811320754717,5.80572494533187,0.0278709755349147,0.0508101058670298,0.0158387047880057,"CAMK2D",1
"GO:0008637","apoptotic mitochondrial changes","1/5","107/18805",0.00934579439252336,35.1495327102804,5.77710518951114,0.0281309169821753,0.0508101058670298,0.0158387047880057,"CAMK2A",1
"GO:0014897","striated muscle hypertrophy","1/5","107/18805",0.00934579439252336,35.1495327102804,5.77710518951114,0.0281309169821753,0.0508101058670298,0.0158387047880057,"CAMK2D",1
"GO:0014896","muscle hypertrophy","1/5","109/18805",0.00917431192660551,34.5045871559633,5.72103189514784,0.0286506330604308,0.0513507500236952,0.0160072362847751,"CAMK2D",1
"GO:0030316","osteoclast differentiation","1/5","113/18805",0.00884955752212389,33.283185840708,5.61330862159632,0.0296893982016784,0.0528063342060386,0.016460976102176,"CAMK4",1
"GO:0070252","actin-mediated cell contraction","1/5","116/18805",0.00862068965517241,32.4224137931034,5.53613541896517,0.0304678887002061,0.0537804399026365,0.0167646277537019,"CAMK2D",1
"GO:0051928","positive regulation of calcium ion transport","1/5","117/18805",0.00854700854700855,32.1452991452991,5.51106106853361,0.030727274464907,0.0538304883482957,0.0167802290310928,"CAMK2A",1
"GO:0007006","mitochondrial membrane organization","1/5","120/18805",0.00833333333333333,31.3416666666667,5.43769323744714,0.0315050986793814,0.0543754666095991,0.0169501115701935,"CAMK2A",1
"GO:0051092","positive regulation of NF-kappaB transcription factor activity","1/5","120/18805",0.00833333333333333,31.3416666666667,5.43769323744714,0.0315050986793814,0.0543754666095991,0.0169501115701935,"CAMK2A",1
"GO:0034341","response to type II interferon","1/5","121/18805",0.00826446280991736,31.0826446280992,5.41383440835484,0.0317642624207036,0.0544196554707643,0.0169638862773108,"CAMK2A",1
"GO:0007613","memory","1/5","129/18805",0.00775193798449612,29.1550387596899,5.23287367682573,0.0338355756911226,0.0567674750484737,0.0176957568481802,"CAMK4",1
"GO:0002761","regulation of myeloid leukocyte differentiation","1/5","130/18805",0.00769230769230769,28.9307692307692,5.21141269178828,0.0340942404009933,0.0567674750484737,0.0176957568481802,"CAMK4",1
"GO:0043271","negative regulation of monoatomic ion transport","1/5","130/18805",0.00769230769230769,28.9307692307692,5.21141269178828,0.0340942404009933,0.0567674750484737,0.0176957568481802,"CAMK2D",1
"GO:0007259","cell surface receptor signaling pathway via JAK-STAT","1/5","131/18805",0.00763358778625954,28.7099236641221,5.190192894287,0.0343528497074455,0.0567674750484737,0.0176957568481802,"CAMK2A",1
"GO:0051209","release of sequestered calcium ion into cytosol","1/5","131/18805",0.00763358778625954,28.7099236641221,5.190192894287,0.0343528497074455,0.0567674750484737,0.0176957568481802,"CAMK2D",1
"GO:0051283","negative regulation of sequestering of calcium ion","1/5","132/18805",0.00757575757575758,28.4924242424242,5.16920972597002,0.03461140361938,0.0567919510092643,0.0177033865807058,"CAMK2D",1
"GO:0051282","regulation of sequestering of calcium ion","1/5","134/18805",0.00746268656716418,28.0671641791045,5.12793563931921,0.0351283452952929,0.0572370940825401,0.0178421481440943,"CAMK2D",1
"GO:0051208","sequestering of calcium ion","1/5","138/18805",0.0072463768115942,27.2536231884058,5.04803928339256,0.0361615643044269,0.0581218990000175,0.0181179626428787,"CAMK2D",1
"GO:0030048","actin filament-based movement","1/5","139/18805",0.00719424460431655,27.0575539568345,5.02859447530363,0.0364197307038736,0.0581218990000175,0.0181179626428787,"CAMK2D",1
"GO:0051592","response to calcium ion","1/5","139/18805",0.00719424460431655,27.0575539568345,5.02859447530363,0.0364197307038736,0.0581218990000175,0.0181179626428787,"CAMK2D",1
"GO:0034763","negative regulation of transmembrane transport","1/5","143/18805",0.00699300699300699,26.3006993006993,4.95282120092903,0.0374518431571061,0.0593624452762295,0.0185046700883661,"CAMK2D",1
"GO:0048813","dendrite morphogenesis","1/5","144/18805",0.00694444444444444,26.1180555555556,4.93436197235697,0.0377097330287284,0.0593673499709035,0.0185061989970289,"CAMK2B",1
"GO:0060048","cardiac muscle contraction","1/5","147/18805",0.00680272108843537,25.5850340136054,4.88009341393867,0.0384830710057645,0.0593854761639688,0.0185118493576411,"CAMK2D",1
"GO:0007269","neurotransmitter secretion","1/5","148/18805",0.00675675675675676,25.4121621621622,4.86236321160603,0.0387407398151213,0.0593854761639688,0.0185118493576411,"CAMK2A",1
"GO:0099175","regulation of postsynapse organization","1/5","148/18805",0.00675675675675676,25.4121621621622,4.86236321160603,0.0387407398151213,0.0593854761639688,0.0185118493576411,"CAMK2B",1
"GO:0099643","signal release from synapse","1/5","148/18805",0.00675675675675676,25.4121621621622,4.86236321160603,0.0387407398151213,0.0593854761639688,0.0185118493576411,"CAMK2A",1
"GO:0097696","cell surface receptor signaling pathway via STAT","1/5","159/18805",0.00628930817610063,23.6540880503145,4.67825085004627,0.0415714526106338,0.063308159858024,0.0197346421061832,"CAMK2A",1
"GO:0008277","regulation of G protein-coupled receptor signaling pathway","1/5","163/18805",0.00613496932515337,23.0736196319018,4.61585655297009,0.0425991477261149,0.0644519572739272,0.0200911906568827,"CAMK2A",1
"GO:0010976","positive regulation of neuron projection development","1/5","165/18805",0.00606060606060606,22.7939393939394,4.58549216515081,0.0431126645871658,0.0648080699923202,0.0202021993651235,"CAMK2B",1
"GO:0032412","regulation of monoatomic ion transmembrane transporter activity","1/5","168/18805",0.00595238095238095,22.3869047619048,4.54094009386924,0.043882526707432,0.0655424918130234,0.0204311359164157,"CAMK2D",1
"GO:0006937","regulation of muscle contraction","1/5","175/18805",0.00571428571428571,21.4914285714286,4.44136056599498,0.0456769447630588,0.0672629358075347,0.0209674387653937,"CAMK2D",1
"GO:1903169","regulation of calcium ion transmembrane transport","1/5","175/18805",0.00571428571428571,21.4914285714286,4.44136056599498,0.0456769447630588,0.0672629358075347,0.0209674387653937,"CAMK2D",1
"GO:0022898","regulation of transmembrane transporter activity","1/5","176/18805",0.00568181818181818,21.3693181818182,4.42760891817166,0.0459330701133638,0.0672629358075347,0.0209674387653937,"CAMK2D",1
"GO:0001508","action potential","1/5","177/18805",0.00564971751412429,21.2485875706215,4.41397076088806,0.0461891404686934,0.0672629358075347,0.0209674387653937,"CAMK2D",1
"GO:0071248","cellular response to metal ion","1/5","182/18805",0.00549450549450549,20.6648351648352,4.3474278338189,0.0474686676306618,0.0686406611795604,0.0213969081607846,"CAMK2D",1
"GO:0006839","mitochondrial transport","1/5","183/18805",0.00546448087431694,20.551912568306,4.33443833774277,0.0477244082020978,0.0686406611795604,0.0213969081607846,"CAMK2A",1
"GO:0035725","sodium ion transmembrane transport","1/5","190/18805",0.00526315789473684,19.7947368421053,4.24632008811164,0.0495130545737508,0.0706393900867349,0.0220199589608525,"CAMK2D",1
"GO:0097553","calcium ion transmembrane import into cytosol","1/5","191/18805",0.00523560209424084,19.6910994764398,4.23411721375158,0.0497683559289552,0.0706393900867349,0.0220199589608525,"CAMK2D",1
"GO:0045580","regulation of T cell differentiation","1/5","192/18805",0.00520833333333333,19.5885416666667,4.22200694849316,0.0500236024219367,0.0706393900867349,0.0220199589608525,"CAMK4",1
"GO:0006941","striated muscle contraction","1/5","194/18805",0.00515463917525773,19.3865979381443,4.19805949001439,0.0505339308565995,0.0708613172821522,0.0220891388862367,"CAMK2D",1
"GO:0051091","positive regulation of DNA-binding transcription factor activity","1/5","195/18805",0.00512820512820513,19.2871794871795,4.18621997245806,0.0507890128159632,0.0708613172821522,0.0220891388862367,"CAMK2A",1
"GO:0032409","regulation of transporter activity","1/5","202/18805",0.00495049504950495,18.6188118811881,4.10574534385675,0.0525730518743739,0.0729138159924352,0.0227289509983195,"CAMK2D",1
"GO:0030073","insulin secretion","1/5","207/18805",0.00483091787439614,18.1690821256039,4.050702311951,0.0538457223605684,0.0742370018343931,0.0231414191397024,"CAMK2G",1
"GO:0043270","positive regulation of monoatomic ion transport","1/5","210/18805",0.00476190476190476,17.9095238095238,4.01859400833815,0.0546086679313728,0.0746643417691754,0.0232746310461852,"CAMK2A",1
"GO:0006836","neurotransmitter transport","1/5","211/18805",0.004739336492891,17.824644549763,4.00803874280183,0.0548628737211193,0.0746643417691754,0.0232746310461852,"CAMK2A",1
"GO:0051651","maintenance of location in cell","1/5","212/18805",0.00471698113207547,17.7405660377358,3.99755578579967,0.055117024825314,0.0746643417691754,0.0232746310461852,"CAMK2D",1
"GO:0008016","regulation of heart contraction","1/5","214/18805",0.00467289719626168,17.5747663551402,3.97680343408481,0.0556251630123397,0.0749171270628621,0.0233534301664219,"CAMK2D",1
"GO:0045637","regulation of myeloid cell differentiation","1/5","220/18805",0.00454545454545455,17.0954545454545,3.91619674784396,0.0571482660376182,0.0765261263607187,0.0238549930828534,"CAMK4",1
"GO:0051235","maintenance of location","1/5","224/18805",0.00446428571428571,16.7901785714286,3.87710629465703,0.0581625758134017,0.0773348404333395,0.0241070882760354,"CAMK2D",1
"GO:0045619","regulation of lymphocyte differentiation","1/5","225/18805",0.00444444444444444,16.7155555555556,3.86749126288789,0.0584160168080161,0.0773348404333395,0.0241070882760354,"CAMK4",1
"GO:0050769","positive regulation of neurogenesis","1/5","234/18805",0.00427350427350427,16.0726495726496,3.78365112239561,0.0606945315216939,0.0797794975221129,0.0248691453762177,"CAMK2B",1
"GO:0019722","calcium-mediated signaling","1/5","235/18805",0.00425531914893617,16.0042553191489,3.77462336398003,0.0609474272915712,0.0797794975221129,0.0248691453762177,"CAMK2D",1
"GO:0000082","G1/S transition of mitotic cell cycle","1/5","240/18805",0.00416666666666667,15.6708333333333,3.73030314346021,0.0622110892062331,0.0809786803634207,0.0252429588663927,"CAMK2A",1
"GO:0099173","postsynapse organization","1/5","243/18805",0.00411522633744856,15.477366255144,3.70434572951366,0.0629686331239941,0.0815093973216146,0.0254083958219626,"CAMK2B",1
"GO:0022604","regulation of cell morphogenesis","1/5","247/18805",0.00404858299595142,15.2267206477733,3.67044646536915,0.063977930070673,0.0821650293549782,0.0256127717438152,"CAMK2B",1
"GO:0002573","myeloid leukocyte differentiation","1/5","250/18805",0.004,15.044,3.64553728674984,0.0647343318806438,0.0821650293549782,0.0256127717438152,"CAMK4",1
"GO:0030072","peptide hormone secretion","1/5","250/18805",0.004,15.044,3.64553728674984,0.0647343318806438,0.0821650293549782,0.0256127717438152,"CAMK2G",1
"GO:0002274","myeloid leukocyte activation","1/5","251/18805",0.00398406374501992,14.9840637450199,3.63732978051319,0.064986357121312,0.0821650293549782,0.0256127717438152,"CAMK4",1
"GO:0006814","sodium ion transport","1/5","252/18805",0.00396825396825397,14.9246031746032,3.62916926581722,0.0652383280286307,0.0821650293549782,0.0256127717438152,"CAMK2D",1
"GO:0060047","heart contraction","1/5","254/18805",0.00393700787401575,14.8070866141732,3.61298737214,0.0657421068783622,0.0823543596917118,0.0256717904618392,"CAMK2D",1
"GO:0002790","peptide secretion","1/5","257/18805",0.00389105058365759,14.6342412451362,3.58905563914627,0.06649736787245,0.0828550091672773,0.0258278546760431,"CAMK2G",1
"GO:0003015","heart process","1/5","263/18805",0.00380228136882129,14.3003802281369,3.54237750496021,0.0680064245201019,0.0842845580488496,0.0262734786779789,"CAMK2D",1
"GO:1903522","regulation of blood circulation","1/5","269/18805",0.00371747211895911,13.9814126394052,3.49720655256258,0.069513528960228,0.0856965727393287,0.026713636860238,"CAMK2D",1
"GO:0044843","cell cycle G1/S phase transition","1/5","271/18805",0.003690036900369,13.8782287822878,3.48247013731276,0.0700154636105623,0.0858610685329528,0.0267649140671956,"CAMK2A",1
"GO:0007611","learning or memory","1/5","282/18805",0.00354609929078014,13.3368794326241,3.40412430202013,0.0727722337835209,0.0886158763407756,0.0276236524396364,"CAMK4",1
"GO:0015833","peptide transport","1/5","283/18805",0.00353356890459364,13.2897526501767,3.39721958214173,0.0730225247099954,0.0886158763407756,0.0276236524396364,"CAMK2G",1
"GO:0051962","positive regulation of nervous system development","1/5","285/18805",0.00350877192982456,13.1964912280702,3.38351452654968,0.0735229444136644,0.0887608603543202,0.0276688473659277,"CAMK2B",1
"GO:0006874","intracellular calcium ion homeostasis","1/5","306/18805",0.00326797385620915,12.2908496732026,3.24746449127346,0.0787643151905206,0.0941132586635452,0.0293373157794652,"CAMK2D",1
"GO:0043086","negative regulation of catalytic activity","1/5","306/18805",0.00326797385620915,12.2908496732026,3.24746449127346,0.0787643151905206,0.0941132586635452,0.0293373157794652,"CAMK2A",1
"GO:1904062","regulation of monoatomic cation transmembrane transport","1/5","311/18805",0.00321543408360129,12.0932475884244,3.21702675426006,0.080008757233556,0.0951124512011151,0.029648787589234,"CAMK2D",1
"GO:0050807","regulation of synapse organization","1/5","315/18805",0.00317460317460317,11.9396825396825,3.19317513967769,0.0810033422736435,0.0958059835013144,0.0298649779154764,"CAMK2B",1
"GO:0046879","hormone secretion","1/5","320/18805",0.003125,11.753125,3.16396124183811,0.0822453637472127,0.0965879919036077,0.0301087483232389,"CAMK2G",1
"GO:0050803","regulation of synapse structure or activity","1/5","321/18805",0.00311526479750779,11.7165109034268,3.15819648062071,0.0824936068189611,0.0965879919036077,0.0301087483232389,"CAMK2B",1
"GO:0030217","T cell differentiation","1/5","324/18805",0.00308641975308642,11.608024691358,3.14105464801529,0.0832380137452499,0.0968606425003728,0.0301937399255736,"CAMK4",1
"GO:0042886","amide transport","1/5","328/18805",0.00304878048780488,11.4664634146341,3.11854741086613,0.0842298046315363,0.0968606425003728,0.0301937399255736,"CAMK2G",1
"GO:0050890","cognition","1/5","329/18805",0.00303951367781155,11.4316109422492,3.11298158936927,0.0844776181822666,0.0968606425003728,0.0301937399255736,"CAMK4",1
"GO:0009914","hormone transport","1/5","331/18805",0.00302114803625378,11.3625377643505,3.10192185236313,0.0849730843397106,0.0968606425003728,0.0301937399255736,"CAMK2G",1
"GO:0055074","calcium ion homeostasis","1/5","331/18805",0.00302114803625378,11.3625377643505,3.10192185236313,0.0849730843397106,0.0968606425003728,0.0301937399255736,"CAMK2D",1
"GO:0051090","regulation of DNA-binding transcription factor activity","1/5","332/18805",0.00301204819277108,11.328313253012,3.09642757900512,0.0852207369638474,0.0968606425003728,0.0301937399255736,"CAMK2A",1
"GO:0051336","regulation of hydrolase activity","1/5","334/18805",0.0029940119760479,11.2604790419162,3.08550934197526,0.0857158813465004,0.0969504871540515,0.0302217466168039,"CAMK2A",1
"GO:1902105","regulation of leukocyte differentiation","1/5","340/18805",0.00294117647058824,11.0617647058824,3.05330478599483,0.0872000281964312,0.0981526887428429,0.0305965011215548,"CAMK4",1
"GO:0034765","regulation of monoatomic ion transmembrane transport","1/5","345/18805",0.00289855072463768,10.9014492753623,3.0270783706645,0.0884353443921272,0.0990645925161809,0.0308807629709351,"CAMK2D",1
"GO:0010038","response to metal ion","1/5","347/18805",0.00288184438040346,10.8386167146974,3.01673844097244,0.0889290962280911,0.0991410498619389,0.0309045965234867,"CAMK2D",1
"GO:0070588","calcium ion transmembrane transport","1/5","350/18805",0.00285714285714286,10.7457142857143,3.0013861300979,0.0896693227969788,0.0994902486271241,0.0310134499899325,"CAMK2D",1
"GO:0021700","developmental maturation","1/5","352/18805",0.00284090909090909,10.6846590909091,2.99125458571004,0.0901625398209618,0.0995633733567967,0.0310362446876845,"CAMK2B",1
"GO:0006936","muscle contraction","1/5","359/18805",0.00278551532033426,10.4763231197772,2.95642714805192,0.0918871161616953,0.100784281903201,0.0314168305910136,"CAMK2D",1
"GO:0031346","positive regulation of cell projection organization","1/5","360/18805",0.00277777777777778,10.4472222222222,2.9515303310926,0.0921332705810378,0.100784281903201,0.0314168305910136,"CAMK2B",1
"GO:0071375","cellular response to peptide hormone stimulus","1/5","369/18805",0.002710027100271,10.1924119241192,2.90830874764071,0.0943462592393259,0.102566343652564,0.0319723411431077,"CAMK2A",1
"GO:0009306","protein secretion","1/5","372/18805",0.00268817204301075,10.1102150537634,2.89423163459122,0.0950829623560248,0.102566343652564,0.0319723411431077,"CAMK2G",1
"GO:0050767","regulation of neurogenesis","1/5","372/18805",0.00268817204301075,10.1102150537634,2.89423163459122,0.0950829623560248,0.102566343652564,0.0319723411431077,"CAMK2B",1
"GO:0035592","establishment of protein localization to extracellular region","1/5","375/18805",0.00266666666666667,10.0293333333333,2.88031410447891,0.0958191859783867,0.102884195082784,0.0320714229081188,"CAMK2G",1
"GO:0071692","protein localization to extracellular region","1/5","383/18805",0.00261096605744125,9.81984334203655,2.84395727758901,0.0977801065569117,0.104508095540185,0.0325776308663781,"CAMK2G",1
"GO:0032970","regulation of actin filament-based process","1/5","392/18805",0.00255102040816327,9.59438775510204,2.80431567606446,0.0999820740194084,0.106373622130238,0.033159159371974,"CAMK2D",1
"GO:0050863","regulation of T cell activation","1/5","395/18805",0.00253164556962025,9.52151898734177,2.79138582244356,0.100715106991805,0.106666454223138,0.0332504420212178,"CAMK4",1
"GO:0001558","regulation of cell growth","1/5","410/18805",0.0024390243902439,9.17317073170732,2.72875033595477,0.10437311100057,0.110040429244945,0.0343021893738476,"CAMK2D",1
"GO:0030098","lymphocyte differentiation","1/5","432/18805",0.00231481481481481,8.70601851851852,2.64248836050253,0.109716641779981,0.115153051958268,0.0358959140958685,"CAMK4",1
"GO:1903706","regulation of hemopoiesis","1/5","436/18805",0.00229357798165138,8.62614678899083,2.62746443821967,0.110685446697667,0.115648919643751,0.0360504877136609,"CAMK4",1
"GO:0007005","mitochondrion organization","1/5","445/18805",0.00224719101123596,8.45168539325843,2.59435484474135,0.112862174243596,0.117375367685342,0.0365886621652976,"CAMK2A",1
"GO:0010720","positive regulation of cell development","1/5","447/18805",0.00223713646532438,8.41387024608501,2.58712408187607,0.113345312142498,0.117375367685342,0.0365886621652976,"CAMK2B",1
"GO:0051960","regulation of nervous system development","1/5","454/18805",0.00220264317180617,8.284140969163,2.56216798152844,0.115034637414046,0.118296394486779,0.0368757678770623,"CAMK2B",1
"GO:0030099","myeloid cell differentiation","1/5","455/18805",0.0021978021978022,8.26593406593406,2.55864665942189,0.115275759250072,0.118296394486779,0.0368757678770623,"CAMK4",1
"GO:0044772","mitotic cell cycle phase transition","1/5","457/18805",0.00218818380743982,8.22975929978118,2.55163629888503,0.115757845248865,0.118296394486779,0.0368757678770623,"CAMK2A",1
"GO:0042391","regulation of membrane potential","1/5","463/18805",0.00215982721382289,8.12311015118791,2.53085934822521,0.117202842477767,0.119250053700086,0.0371730458789516,"CAMK2D",1
"GO:0051051","negative regulation of transport","1/5","467/18805",0.00214132762312634,8.05353319057816,2.51721533686205,0.118165124011242,0.119706408237476,0.0373153023193397,"CAMK2D",1
"GO:0034762","regulation of transmembrane transport","1/5","478/18805",0.00209205020920502,7.86820083682008,2.48051834514634,0.120807072131328,0.12185302080779,0.0379844519346623,"CAMK2D",1
"GO:0016049","cell growth","1/5","492/18805",0.00203252032520325,7.64430894308943,2.4354758095728,0.124160389493988,0.124638598390978,0.0388527819696294,"CAMK2D",1
"GO:0043434","response to peptide hormone","1/5","494/18805",0.00202429149797571,7.61336032388664,2.42918632431055,0.124638598390978,0.124638598390978,0.0388527819696294,"CAMK2A",1
